{"cameraMode":{"drawMode":0,"name":"Shaded","section":"Shading Mode"},"sceneLighting":true,"audioPlay":false,"sceneViewState":{"showFog":true,"showMaterialUpdate":false,"showSkybox":true,"showFlares":true,"showImageEffects":true,"showParticleSystems":true},"in2DMode":false,"pivot":{"x":-69.48641204833985,"y":5.051018714904785,"z":-47.42747497558594},"rotation":{"x":0.08539684861898422,"y":-0.0029883740935474636,"z":0.0002508140169084072,"w":0.9963619112968445},"size":0.48037970066070559,"orthographic":false}